{
    "application": "trisolv",
    "profiling_results": {
        "optimization_level_3": {
            "times.py_local": {
                "trisolv_native": 0.00990436899883207,
                "trisolv_wasmer": 0.1629908550021355,
                "trisolv_wasmtime": 0.013700321997021092,
                "trisolv_wavm": 0.2390980150012183,
                "trisolv_iwasm": 0.07384857900251518
            },
            "times.py_vm": {
                "trisolv_native": 0.015384146012365818,
                "trisolv_wasmer": 0.1480521857738495,
                "trisolv_wasmtime": 0.027896607294678688,
                "trisolv_wavm": 0.004337009973824024,
                "trisolv_iwasm": 0.10675810929387808
            }
        }
    },
    "total_time": 9.285019874572754
}