{
    "application": "trisolv",
    "profiling_results": {
        "optimization_level_3": {
            "times.py_local": {
                "trisolv_native": 0.010435076999783632,
                "trisolv_wasmer": 0.1796378069993807,
                "trisolv_wasmtime": 0.014936712999769952,
                "trisolv_wavm": 0.23288828200020362,
                "trisolv_iwasm": 0.07493137500023295
            },
            "times.py_vm": {
                "trisolv_native": 0.014246065635234118,
                "trisolv_wasmer": 0.1258994061499834,
                "trisolv_wasmtime": 0.022976981010288,
                "trisolv_wavm": 0.003918212838470936,
                "trisolv_iwasm": 0.10781007865443826
            }
        }
    },
    "total_time": 8.167077541351318
}