{
    "native": {
        "file": "trisolv_3_native",
        "average_energy_uJ": 163817.5,
        "average_power_W": 15.392670053386858
    },
    "wasm": {
        "wasmer": {
            "average_energy_uJ": 742949.0,
            "average_power_W": 16.288767313280765
        },
        "wasmtime": {
            "average_energy_uJ": 220397.0,
            "average_power_W": 15.503187606062339
        },
        "wavm": {
            "average_energy_uJ": 4453663.0,
            "average_power_W": 18.80452421806689
        },
        "iwasm": {
            "average_energy_uJ": 1730220.0,
            "average_power_W": 18.387513887490933
        }
    }
}