{
    "native": {
        "file": "trisolv_3_native",
        "average_energy_uJ": 188110.0,
        "average_power_W": 17.01698945084813
    },
    "wasm": {
        "wasmer": {
            "average_energy_uJ": 781278.5,
            "average_power_W": 17.023040335793553
        },
        "wasmtime": {
            "average_energy_uJ": 226531.5,
            "average_power_W": 16.245139267587064
        },
        "wavm": {
            "average_energy_uJ": 4438251.5,
            "average_power_W": 18.402104729172212
        },
        "iwasm": {
            "average_energy_uJ": 1716853.5,
            "average_power_W": 18.238579799446757
        }
    }
}