{
    "2mm_native": 1.6775555159983924,
    "2mm_wasmer": 1.8903011020011036,
    "2mm_wasmtime": 1.6940516979993845,
    "2mm_wavm": 1.9213438389997464,
    "2mm_iwasm": 2.571500358000776
}