{
    "2mm_native": 1.6862709790002555,
    "2mm_wasmer": 1.8600166340002033,
    "2mm_wasmtime": 1.773203676999401,
    "2mm_wavm": 1.9162419919994136,
    "2mm_iwasm": 2.527105630000733
}