{
    "2mm_native": 1.638251410000521,
    "2mm_wasmer": 1.8433255630006897,
    "2mm_wasmtime": 1.671667222999531,
    "2mm_wavm": 1.8923623059999954,
    "2mm_iwasm": 2.500577291000809
}