{
    "2mm_native": 5.745284823700786,
    "2mm_wasmer": 5.808761924970895,
    "2mm_wasmtime": 5.738829805050045,
    "2mm_wavm": 0.004658456891775131,
    "2mm_iwasm": 19.112961961887777
}