{
    "2mm_native": 1.6439208749980025,
    "2mm_wasmer": 2.0616406170011032,
    "2mm_wasmtime": 1.710208460001013,
    "2mm_wavm": 1.9064543070016953,
    "2mm_iwasm": 2.531996928002627
}