{
    "2mm_native": 1.6983743410000898,
    "2mm_wasmer": 1.9952642170001127,
    "2mm_wasmtime": 1.7672880569998597,
    "2mm_wavm": 2.0449089800004003,
    "2mm_iwasm": 2.588258028000382
}