{
    "jacobi-1d_native": 0.0013460539994412102,
    "jacobi-1d_wasmer": 0.13479544400252053,
    "jacobi-1d_wasmtime": 0.0061050610020174645,
    "jacobi-1d_wavm": 0.22310744400238036,
    "jacobi-1d_iwasm": 0.07371024199892418
}