{
    "trisolv_native": 0.010150522997719236,
    "trisolv_wasmer": 0.1624869180013775,
    "trisolv_wasmtime": 0.013913036000303691,
    "trisolv_wavm": 0.23142171700237668,
    "trisolv_iwasm": 0.07459863999974914
}