{
    "trisolv_native": 0.009964099001081195,
    "trisolv_wasmer": 0.1518486720015062,
    "trisolv_wasmtime": 0.013912894999521086,
    "trisolv_wavm": 0.24013470700083417,
    "trisolv_iwasm": 0.0756361880012264
}