{
    "trisolv_native": 0.010355556001741206,
    "trisolv_wasmer": 0.13519779600028414,
    "trisolv_wasmtime": 0.013656471997819608,
    "trisolv_wavm": 0.23224982299871044,
    "trisolv_iwasm": 0.07522859800155857
}