{
    "trisolv_native": 0.00939623100020981,
    "trisolv_wasmer": 0.1566358959998979,
    "trisolv_wasmtime": 0.013937396000073932,
    "trisolv_wavm": 0.23511699500022587,
    "trisolv_iwasm": 0.07452349599998342
}