{
    "trisolv_native": 0.014246065635234118,
    "trisolv_wasmer": 0.1258994061499834,
    "trisolv_wasmtime": 0.022976981010288,
    "trisolv_wavm": 0.003918212838470936,
    "trisolv_iwasm": 0.10781007865443826
}