{
    "trisolv_native": 0.015384146012365818,
    "trisolv_wasmer": 0.1480521857738495,
    "trisolv_wasmtime": 0.027896607294678688,
    "trisolv_wavm": 0.004337009973824024,
    "trisolv_iwasm": 0.10675810929387808
}