{
    "trisolv_native": 0.010848780999367591,
    "trisolv_wasmer": 0.13022550499954377,
    "trisolv_wasmtime": 0.013971718999528093,
    "trisolv_wavm": 0.23427283800265286,
    "trisolv_iwasm": 0.07618745599756949
}