{
    "application": "trisolv",
    "profiling_results": {
        "optimization_level_3": {
            "times.py_local": {
                "trisolv_native": 0.00939623100020981,
                "trisolv_wasmer": 0.1566358959998979,
                "trisolv_wasmtime": 0.013937396000073932,
                "trisolv_wavm": 0.23511699500022587,
                "trisolv_iwasm": 0.07452349599998342
            },
            "times.py_vm": {
                "trisolv_native": 0.00939623100020981,
                "trisolv_wasmer": 0.1566358959998979,
                "trisolv_wasmtime": 0.013937396000073932,
                "trisolv_wavm": 0.23511699500022587,
                "trisolv_iwasm": 0.07452349599998342
            }
        }
    },
    "total_time": 15.664952754974365
}