{
    "native": null,
    "wasm": {
        "wasmer": {
            "sum_rss": 111056,
            "avg_rss": 27764.0,
            "max_rss": 45708,
            "total_time": 0.2118241786956787,
            "rss_rate": 524283.8692156609,
            "avg_rss_rate": 131070.96730391523
        },
        "wasmtime": {
            "sum_rss": 2136,
            "avg_rss": 2136.0,
            "max_rss": 2136,
            "total_time": 0.05475473403930664,
            "rss_rate": 39010.32554494074,
            "avg_rss_rate": 39010.32554494074
        },
        "wavm": {
            "sum_rss": 1012,
            "avg_rss": 1012.0,
            "max_rss": 1012,
            "total_time": 0.05448007583618164,
            "rss_rate": 18575.598224991903,
            "avg_rss_rate": 18575.598224991903
        },
        "iwasm": {
            "sum_rss": 92128,
            "avg_rss": 30709.333333333332,
            "max_rss": 46540,
            "total_time": 0.16002869606018066,
            "rss_rate": 575696.7485716074,
            "avg_rss_rate": 191898.9161905358
        }
    }
}