{
    "native": null,
    "wasm": {
        "wasmer": {
            "sum_rss": 102784,
            "avg_rss": 34261.333333333336,
            "max_rss": 52736,
            "total_time": 0.27416324615478516,
            "rss_rate": 374900.7259053642,
            "avg_rss_rate": 124966.9086351214
        },
        "wasmtime": {
            "sum_rss": 2432,
            "avg_rss": 2432.0,
            "max_rss": 2432,
            "total_time": 0.05327773094177246,
            "rss_rate": 45647.589659138204,
            "avg_rss_rate": 45647.589659138204
        },
        "wavm": {
            "sum_rss": 141732,
            "avg_rss": 28346.4,
            "max_rss": 40428,
            "total_time": 0.26161670684814453,
            "rss_rate": 541754.3921698715,
            "avg_rss_rate": 108350.8784339743
        },
        "iwasm": {
            "sum_rss": 51164,
            "avg_rss": 25582.0,
            "max_rss": 49628,
            "total_time": 0.10509538650512695,
            "rss_rate": 486833.9296464172,
            "avg_rss_rate": 243416.9648232086
        }
    }
}