{
    "native": null,
    "wasm": {
        "wasmer": {
            "sum_rss": 1536,
            "avg_rss": 1536.0,
            "max_rss": 1536,
            "total_time": 0.1448063850402832,
            "rss_rate": 10607.267073014116,
            "avg_rss_rate": 10607.267073014116
        },
        "wasmtime": {
            "sum_rss": 2432,
            "avg_rss": 2432.0,
            "max_rss": 2432,
            "total_time": 0.0529940128326416,
            "rss_rate": 45891.97665933334,
            "avg_rss_rate": 45891.97665933334
        },
        "wavm": {
            "sum_rss": 141156,
            "avg_rss": 28231.2,
            "max_rss": 40640,
            "total_time": 0.2604563236236572,
            "rss_rate": 541956.5093914226,
            "avg_rss_rate": 108391.30187828453
        },
        "iwasm": {
            "sum_rss": 51292,
            "avg_rss": 25646.0,
            "max_rss": 49756,
            "total_time": 0.10592079162597656,
            "rss_rate": 484248.6466785515,
            "avg_rss_rate": 242124.32333927575
        }
    }
}