{
    "native": null,
    "wasm": {
        "wasmer": {
            "sum_rss": 187956,
            "avg_rss": 46989.0,
            "max_rss": 80920,
            "total_time": 0.2733469009399414,
            "rss_rate": 687609.7711504579,
            "avg_rss_rate": 171902.44278761448
        },
        "wasmtime": {
            "sum_rss": 2816,
            "avg_rss": 2816.0,
            "max_rss": 2816,
            "total_time": 0.05365300178527832,
            "rss_rate": 52485.41379417607,
            "avg_rss_rate": 52485.41379417607
        },
        "wavm": {
            "sum_rss": 141260,
            "avg_rss": 28252.0,
            "max_rss": 40348,
            "total_time": 0.2613813877105713,
            "rss_rate": 540436.3380166065,
            "avg_rss_rate": 108087.26760332132
        },
        "iwasm": {
            "sum_rss": 50876,
            "avg_rss": 25438.0,
            "max_rss": 49340,
            "total_time": 0.1050405502319336,
            "rss_rate": 484346.28234204627,
            "avg_rss_rate": 242173.14117102313
        }
    }
}