{
    "native": null,
    "wasm": {
        "wasmer": {
            "sum_rss": 108488,
            "avg_rss": 36162.666666666664,
            "max_rss": 59848,
            "total_time": 0.25103092193603516,
            "rss_rate": 432169.8664184633,
            "avg_rss_rate": 144056.62213948776
        },
        "wasmtime": {
            "sum_rss": 2560,
            "avg_rss": 2560.0,
            "max_rss": 2560,
            "total_time": 0.053900957107543945,
            "rss_rate": 47494.518416291794,
            "avg_rss_rate": 47494.518416291794
        },
        "wavm": {
            "sum_rss": 141624,
            "avg_rss": 28324.8,
            "max_rss": 40424,
            "total_time": 0.26071977615356445,
            "rss_rate": 543203.903015716,
            "avg_rss_rate": 108640.78060314318
        },
        "iwasm": {
            "sum_rss": 51176,
            "avg_rss": 25588.0,
            "max_rss": 49512,
            "total_time": 0.10492396354675293,
            "rss_rate": 487743.6790423625,
            "avg_rss_rate": 243871.83952118125
        }
    }
}