{
    "native": null,
    "wasm": {
        "wasmer": {
            "sum_rss": 96256,
            "avg_rss": 32085.333333333332,
            "max_rss": 54016,
            "total_time": 0.1613786220550537,
            "rss_rate": 596460.6635887783,
            "avg_rss_rate": 198820.22119625946
        },
        "wasmtime": {
            "sum_rss": 3840,
            "avg_rss": 3840.0,
            "max_rss": 3840,
            "total_time": 0.05339622497558594,
            "rss_rate": 71915.1962850509,
            "avg_rss_rate": 71915.1962850509
        },
        "wavm": {
            "sum_rss": 143196,
            "avg_rss": 28639.2,
            "max_rss": 40820,
            "total_time": 0.26113319396972656,
            "rss_rate": 548363.8361831581,
            "avg_rss_rate": 109672.76723663164
        },
        "iwasm": {
            "sum_rss": 52068,
            "avg_rss": 26034.0,
            "max_rss": 50660,
            "total_time": 0.10509777069091797,
            "rss_rate": 495424.4001342976,
            "avg_rss_rate": 247712.2000671488
        }
    }
}