{
    "application": "trisolv",
    "profiling_results": {
        "optimization_level_3": {
            "times.py_local": {
                "trisolv_native": 0.010150522997719236,
                "trisolv_wasmer": 0.1624869180013775,
                "trisolv_wasmtime": 0.013913036000303691,
                "trisolv_wavm": 0.23142171700237668,
                "trisolv_iwasm": 0.07459863999974914
            },
            "rapl.py_local": {
                "native": {
                    "file": "trisolv_3_native",
                    "average_energy_uJ": 179809.0,
                    "average_power_W": 15.615806034864814
                },
                "wasm": {
                    "wasmer": {
                        "average_energy_uJ": 735227.5,
                        "average_power_W": 16.018178115771683
                    },
                    "wasmtime": {
                        "average_energy_uJ": 213836.5,
                        "average_power_W": 15.690898893397907
                    },
                    "wavm": {
                        "average_energy_uJ": 4474750.5,
                        "average_power_W": 18.918460230105424
                    },
                    "iwasm": {
                        "average_energy_uJ": 1748286.5,
                        "average_power_W": 18.70092548266358
                    }
                }
            },
            "rss.py_local": {
                "native": {
                    "sum_rss": 896.0,
                    "avg_rss": 896.0,
                    "max_rss": 896.0,
                    "total_time": 0.0005543231964111328,
                    "rss_per_time": 1616385.5415053763,
                    "avg_rss_per_time": 1616385.5415053763
                },
                "wasm": {
                    "wasmer": {
                        "sum_rss": 102528.0,
                        "avg_rss": 25632.0,
                        "max_rss": 58368.0,
                        "total_time": 0.1520979404449463,
                        "rss_per_time": 674091.9679784308,
                        "avg_rss_per_time": 168522.9919946077
                    },
                    "wasmtime": {
                        "sum_rss": 512.0,
                        "avg_rss": 512.0,
                        "max_rss": 512.0,
                        "total_time": 0.0015130043029785156,
                        "rss_per_time": 338399.5663410022,
                        "avg_rss_per_time": 338399.5663410022
                    },
                    "wavm": {
                        "sum_rss": 120504.0,
                        "avg_rss": 24100.8,
                        "max_rss": 35048.0,
                        "total_time": 0.20251750946044922,
                        "rss_per_time": 595030.0313343223,
                        "avg_rss_per_time": 119006.00626686444
                    },
                    "iwasm": {
                        "sum_rss": 49940.0,
                        "avg_rss": 24970.0,
                        "max_rss": 49556.0,
                        "total_time": 0.05085468292236328,
                        "rss_per_time": 982013.791654946,
                        "avg_rss_per_time": 491006.895827473
                    }
                }
            },
            "doc_times.py_local": [
                {
                    "binary": "trisolv_3.wasm (wasmer)",
                    "internal_time": 0.291,
                    "external_time": 0.9447944164276123
                },
                {
                    "binary": "trisolv_3.wasm (wasmtime)",
                    "internal_time": 0.065,
                    "external_time": 0.4980924129486084
                },
                {
                    "binary": "trisolv_3.wasm (wavm)",
                    "internal_time": 0.288,
                    "external_time": 0.6975111961364746
                },
                {
                    "binary": "trisolv_3.wasm (iwasm)",
                    "internal_time": 0.143,
                    "external_time": 0.5574965476989746
                },
                {
                    "binary": "trisolv_3_native (native)",
                    "internal_time": 0.009,
                    "external_time": 0.44151973724365234
                }
            ],
            "doc_rapl.py_local": {
                "native": {
                    "average_energy_uJ": 3013603.0,
                    "average_power_W": 7.30094702701024
                },
                "wasm": {
                    "wasmer": {
                        "average_energy_uJ": 4249134.5,
                        "average_power_W": 8.804669923912417
                    },
                    "wasmtime": {
                        "average_energy_uJ": 3503683.5,
                        "average_power_W": 8.063292954751518
                    },
                    "wavm": {
                        "average_energy_uJ": 7488232.0,
                        "average_power_W": 11.540331615215994
                    },
                    "iwasm": {
                        "average_energy_uJ": 4504993.0,
                        "average_power_W": 9.257110399972234
                    }
                }
            },
            "doc_rss.py_local": {
                "native": null,
                "wasm": {
                    "wasmer": {
                        "sum_rss": 102784,
                        "avg_rss": 34261.333333333336,
                        "max_rss": 52736,
                        "total_time": 0.27416324615478516,
                        "rss_rate": 374900.7259053642,
                        "avg_rss_rate": 124966.9086351214
                    },
                    "wasmtime": {
                        "sum_rss": 2432,
                        "avg_rss": 2432.0,
                        "max_rss": 2432,
                        "total_time": 0.05327773094177246,
                        "rss_rate": 45647.589659138204,
                        "avg_rss_rate": 45647.589659138204
                    },
                    "wavm": {
                        "sum_rss": 141732,
                        "avg_rss": 28346.4,
                        "max_rss": 40428,
                        "total_time": 0.26161670684814453,
                        "rss_rate": 541754.3921698715,
                        "avg_rss_rate": 108350.8784339743
                    },
                    "iwasm": {
                        "sum_rss": 51164,
                        "avg_rss": 25582.0,
                        "max_rss": 49628,
                        "total_time": 0.10509538650512695,
                        "rss_rate": 486833.9296464172,
                        "avg_rss_rate": 243416.9648232086
                    }
                }
            },
            "times.py_vm": {
                "trisolv_native": 0.014734392985701561,
                "trisolv_wasmer": 0.13504239544272423,
                "trisolv_wasmtime": 0.024326208978891373,
                "trisolv_wavm": 0.004127570427954197,
                "trisolv_iwasm": 0.10335287917405367
            },
            "rss.py_vm": {
                "native": {
                    "sum_rss": 364.0,
                    "avg_rss": 364.0,
                    "max_rss": 364.0,
                    "total_time": 0.0004968643188476562,
                    "rss_per_time": 732594.3646833013,
                    "avg_rss_per_time": 732594.3646833013
                },
                "wasm": {
                    "wasmer": {
                        "sum_rss": 71456.0,
                        "avg_rss": 23818.666666666668,
                        "max_rss": 39440.0,
                        "total_time": 0.10099148750305176,
                        "rss_per_time": 707544.7819088787,
                        "avg_rss_per_time": 235848.2606362929
                    },
                    "wasmtime": {
                        "sum_rss": 528.0,
                        "avg_rss": 528.0,