{
    "native": {
        "average_energy_uJ": 3191428.5,
        "average_power_W": 8.109165076281965
    },
    "wasm": {
        "wasmer": {
            "average_energy_uJ": 4269337.0,
            "average_power_W": 9.262556158225825
        },
        "wasmtime": {
            "average_energy_uJ": 4340382.0,
            "average_power_W": 9.598408036302654
        },
        "wavm": {
            "average_energy_uJ": 7480388.5,
            "average_power_W": 11.769316481013004
        },
        "iwasm": {
            "average_energy_uJ": 4787280.5,
            "average_power_W": 8.978028831253827
        }
    }
}