{
    "native": {
        "average_energy_uJ": 3077812.0,
        "average_power_W": 7.904546131731246
    },
    "wasm": {
        "wasmer": {
            "average_energy_uJ": 4208760.0,
            "average_power_W": 8.622747117360035
        },
        "wasmtime": {
            "average_energy_uJ": 3681844.5,
            "average_power_W": 8.12555159390351
        },
        "wavm": {
            "average_energy_uJ": 7561168.5,
            "average_power_W": 11.193577118420237
        },
        "iwasm": {
            "average_energy_uJ": 4702136.5,
            "average_power_W": 8.894580355658618
        }
    }
}