{
    "native": {
        "average_energy_uJ": 3013603.0,
        "average_power_W": 7.30094702701024
    },
    "wasm": {
        "wasmer": {
            "average_energy_uJ": 4249134.5,
            "average_power_W": 8.804669923912417
        },
        "wasmtime": {
            "average_energy_uJ": 3503683.5,
            "average_power_W": 8.063292954751518
        },
        "wavm": {
            "average_energy_uJ": 7488232.0,
            "average_power_W": 11.540331615215994
        },
        "iwasm": {
            "average_energy_uJ": 4504993.0,
            "average_power_W": 9.257110399972234
        }
    }
}