{
    "native": {
        "average_energy_uJ": 3379142.0,
        "average_power_W": 8.178034395103714
    },
    "wasm": {
        "wasmer": {
            "average_energy_uJ": 4232166.5,
            "average_power_W": 8.693452396906068
        },
        "wasmtime": {
            "average_energy_uJ": 3710195.5,
            "average_power_W": 7.9891389718412045
        },
        "wavm": {
            "average_energy_uJ": 7510540.0,
            "average_power_W": 12.155473679667768
        },
        "iwasm": {
            "average_energy_uJ": 4869341.5,
            "average_power_W": 8.85490448046486
        }
    }
}