{
    "2mm_native": 0.12356377099786187,
    "2mm_wasm": 0.24015708699880634
}