{
    "2mm_native": 0.11928320199876907,
    "2mm_wasm": 0.18688503600060358
}