{
    "2mm_native": 0.2915712399990298,
    "2mm_wasm": 0.19785189100002754
}