{
    "2mm_native": 0.122487993001414,
    "2mm_wasm": 0.18790690999958315
}