{
    "2mm_native": 0.12027992099956464,
    "2mm_wasm": 0.24589177599955292
}