{
    "jacobi-1d_native": 0.3741024410010141,
    "jacobi-1d_wasm": 0.4100276310018671
}