{
    "trisolv_native": 0.10618042799978866,
    "trisolv_wasm": 0.0955646060010622
}