{
    "trisolv_native": 0.09970695800075191,
    "trisolv_wasm": 0.047136716999375494
}