{
    "trisolv_native": 0.11523922099877382,
    "trisolv_wasm": 0.19809532799990848
}