{
    "trisolv_native": 0.11276644499957911,
    "trisolv_wasm": 0.22386246499809204
}