{
    "trisolv_native": 0.11629640299906896,
    "trisolv_wasm": 0.22834774300099525
}