{
    "trisolv_native": 0.3209497840016411,
    "trisolv_wasm": 0.4151178540014371
}