{
    "trisolv_native": 0.11451852800018969,
    "trisolv_wasm": 0.17336538699964876
}