{
    "trisolv_native": 0.3278762200006895,
    "trisolv_wasm": 0.41269683099926624
}