{
    "jacobi-1d_native": 0.001405050978064537,
    "jacobi-1d_wasmer": 0.1458003232255578,
    "jacobi-1d_wasmtime": 0.026671430096030235,
    "jacobi-1d_wavm": 0.003636099398136139,
    "jacobi-1d_iwasm": 0.09982201363891363
}