{
    "trisolv_native": 0.014734392985701561,
    "trisolv_wasmer": 0.13504239544272423,
    "trisolv_wasmtime": 0.024326208978891373,
    "trisolv_wavm": 0.004127570427954197,
    "trisolv_iwasm": 0.10335287917405367
}