{
    "native": {
        "sum_rss": 1457252,
        "avg_rss": 35542.73170731707,
        "max_rss": 37504,
        "total_time": 2.1959683895111084,
        "rss_rate": 663603.3592106624,
        "avg_rss_rate": 16185.447785625913
    },
    "wasm": {
        "wasmer": {
            "sum_rss": 5930368,
            "avg_rss": 91236.43076923076,
            "max_rss": 93960,
            "total_time": 3.543980360031128,
            "rss_rate": 1673363.6751722607,
            "avg_rss_rate": 25744.056541111702
        },
        "wasmtime": {
            "sum_rss": 3305324,
            "avg_rss": 61209.7037037037,
            "max_rss": 63548,
            "total_time": 2.8415675163269043,
            "rss_rate": 1163204.4570500164,
            "avg_rss_rate": 21540.823278704003
        },
        "wavm": {
            "sum_rss": 3867596,
            "avg_rss": 67852.56140350878,
            "max_rss": 74532,
            "total_time": 2.9940502643585205,
            "rss_rate": 1291760.544584123,
            "avg_rss_rate": 22662.4656944583
        },
        "iwasm": {
            "sum_rss": 7979504,
            "avg_rss": 103629.92207792208,
            "max_rss": 106756,
            "total_time": 4.048281669616699,
            "rss_rate": 1971084.191074955,
            "avg_rss_rate": 25598.49598798643
        }
    }
}