{
    "native": {
        "sum_rss": 896.0,
        "avg_rss": 896.0,
        "max_rss": 896.0,
        "total_time": 0.0005543231964111328,
        "rss_per_time": 1616385.5415053763,
        "avg_rss_per_time": 1616385.5415053763
    },
    "wasm": {
        "wasmer": {
            "sum_rss": 102528.0,
            "avg_rss": 25632.0,
            "max_rss": 58368.0,
            "total_time": 0.1520979404449463,
            "rss_per_time": 674091.9679784308,
            "avg_rss_per_time": 168522.9919946077
        },
        "wasmtime": {
            "sum_rss": 512.0,
            "avg_rss": 512.0,
            "max_rss": 512.0,
            "total_time": 0.0015130043029785156,
            "rss_per_time": 338399.5663410022,
            "avg_rss_per_time": 338399.5663410022
        },
        "wavm": {
            "sum_rss": 120504.0,
            "avg_rss": 24100.8,
            "max_rss": 35048.0,
            "total_time": 0.20251750946044922,
            "rss_per_time": 595030.0313343223,
            "avg_rss_per_time": 119006.00626686444
        },
        "iwasm": {
            "sum_rss": 49940.0,
            "avg_rss": 24970.0,
            "max_rss": 49556.0,
            "total_time": 0.05085468292236328,
            "rss_per_time": 982013.791654946,
            "avg_rss_per_time": 491006.895827473
        }
    }
}