{
    "native": {
        "sum_rss": 1628.0,
        "avg_rss": 1628.0,
        "max_rss": 1628.0,
        "total_time": 0.0008149147033691406,
        "rss_per_time": 1997755.0942071388,
        "avg_rss_per_time": 1997755.0942071388
    },
    "wasm": {
        "wasmer": {
            "sum_rss": 71784.0,
            "avg_rss": 23928.0,
            "max_rss": 39788.0,
            "total_time": 0.10115456581115723,
            "rss_per_time": 709646.6622575559,
            "avg_rss_per_time": 236548.88741918528
        },
        "wasmtime": {
            "sum_rss": 528.0,
            "avg_rss": 528.0,
            "max_rss": 528.0,
            "total_time": 0.0009636878967285156,
            "rss_per_time": 547895.2281048986,
            "avg_rss_per_time": 547895.2281048986
        },
        "iwasm": {
            "sum_rss": 44752.0,
            "avg_rss": 14917.333333333334,
            "max_rss": 44280.0,
            "total_time": 0.1007699966430664,
            "rss_per_time": 444100.4415085411,
            "avg_rss_per_time": 148033.48050284706
        }
    }
}