{
    "native": {
        "sum_rss": 896.0,
        "avg_rss": 896.0,
        "max_rss": 896.0,
        "total_time": 0.0005664825439453125,
        "rss_per_time": 1581690.3973063973,
        "avg_rss_per_time": 1581690.3973063973
    },
    "wasm": {
        "wasmer": {
            "sum_rss": 96256.0,
            "avg_rss": 32085.333333333332,
            "max_rss": 60416.0,
            "total_time": 0.10204768180847168,
            "rss_per_time": 943245.3368285053,
            "avg_rss_per_time": 314415.1122761684
        },
        "wasmtime": {
            "sum_rss": 512.0,
            "avg_rss": 512.0,
            "max_rss": 512.0,
            "total_time": 0.000858306884765625,
            "rss_per_time": 596523.2355555556,
            "avg_rss_per_time": 596523.2355555556
        },
        "wavm": {
            "sum_rss": 121728.0,
            "avg_rss": 20288.0,
            "max_rss": 35328.0,
            "total_time": 0.2530021667480469,
            "rss_per_time": 481134.2193809086,
            "avg_rss_per_time": 80189.03656348477
        },
        "iwasm": {
            "sum_rss": 49088.0,
            "avg_rss": 24544.0,
            "max_rss": 48704.0,
            "total_time": 0.051424503326416016,
            "rss_per_time": 954564.396828782,
            "avg_rss_per_time": 477282.198414391
        }
    }
}