{
    "native": {
        "sum_rss": 512.0,
        "avg_rss": 512.0,
        "max_rss": 512.0,
        "total_time": 0.0005805492401123047,
        "rss_per_time": 881923.4694045174,
        "avg_rss_per_time": 881923.4694045174
    },
    "wasm": {
        "wasmer": {
            "sum_rss": 88832.0,
            "avg_rss": 29610.666666666668,
            "max_rss": 49024.0,
            "total_time": 0.10187602043151855,
            "rss_per_time": 871961.8181367145,
            "avg_rss_per_time": 290653.9393789049
        },
        "wasmtime": {
            "sum_rss": 384.0,
            "avg_rss": 384.0,
            "max_rss": 384.0,
            "total_time": 0.0005383491516113281,
            "rss_per_time": 713291.7342781222,
            "avg_rss_per_time": 713291.7342781222
        },
        "wavm": {
            "sum_rss": 179036.0,
            "avg_rss": 29839.333333333332,
            "max_rss": 58088.0,
            "total_time": 0.25284719467163086,
            "rss_per_time": 708079.8354615386,
            "avg_rss_per_time": 118013.30591025643
        },
        "iwasm": {
            "sum_rss": 49556.0,
            "avg_rss": 24778.0,
            "max_rss": 49172.0,
            "total_time": 0.05146479606628418,
            "rss_per_time": 962910.6454861738,
            "avg_rss_per_time": 481455.3227430869
        }
    }
}